,playerId,player,team,position,age,exp,bye,lower,upper,sdPts,dropoff,tier,ptSpread,overallECR,positionECR,sdRank,risk,sleeper,games,points,vor,vorLow,vorHigh,overallRank,positionRank,ptsGame,vorGame,vorGameLow,vorGameHigh,adp,auctionValue,adpDiff,cost,ppdollar,dollarVor,moe_cost
0,2560968,Saquon Barkley,NYG,RB,22.0,1.0,11.0,292.187,356.87865810412995,27.4658962432981,26.5548183315871,1,64.6916581041296,1.5,1.5,0.7,1.6574401283097198,,16.0,330.68662126718,220.93962690323897,214.85710832151798,223.390536023909,1,1,20.667913829198802,13.737234604469199,13.362148899237699,13.737703585446802,1.3125,67.9167,-0.3125,75,4.409154950229071,48.26054875401805,61.21365011439488
1,2558019,Alvin Kamara,NO,RB,23.0,2.0,9.0,289.191471310994,325.254722139386,14.0413200038194,14.374561103645402,2,36.063250828392704,2.7,2.6,1.1,1.78687273489125,,16.0,304.821193659983,195.074199296042,211.861579632511,191.766600059166,2,2,19.0513246037489,12.1206453790194,13.174928356174801,11.7612075876503,2.745,65.7533,-0.745,73,4.17563278986278,42.61068074447651,59.194559773023485
2,2557997,Christian McCaffrey,CAR,RB,23.0,2.0,7.0,275.3,329.55151736679,21.842973099063602,35.9756661057649,2,54.2515173667896,2.7,2.7,1.1,1.78687273489125,,16.0,303.442412211203,193.695417847262,197.97010832151798,196.06339528656898,3,3,18.9651507632002,12.034471538470699,12.306711399237699,12.029757289363001,3.2625,64.8667,-0.2625,72,4.21447794737783,42.30950910649269,59.03111860027115
3,2558125,Patrick Mahomes,KC,QB,,2.0,12.0,337.66562665098996,385.997959939095,25.4395811091985,35.0435967828312,1,48.332333288105005,35.1,1.1,0.4,2.0242987843610303,,16.0,361.569360973853,174.354548334761,273.012539153439,158.184099650982,4,1,22.598085060865802,10.897159270922598,17.0632836970899,9.88650622818638,18.4825,30.1033,-14.4825,34,10.6343929698192,38.084821171892614,55.82965820933038
4,2555224,Ezekiel Elliott,DAL,RB,24.0,3.0,8.0,234.05700000000002,311.14912251082296,33.2215369902028,21.824458522821104,3,77.09212251082249,6.6,5.2,3.6,2.59582652602582,,15.6934,277.450852901472,167.70385853753,156.727108321518,177.661000430602,5,4,17.6794609773199,10.748781752590402,10.014820301706301,11.259537712698501,5.515,58.8467,-0.515,65,4.26847466002265,36.63208974609147,54.24389405957482
5,2540175,LeVeon Bell,NYJ,RB,27.0,6.0,4.0,224.8,282.31676153734503,22.764449698388,4.854031757706481,3,57.5167615373455,12.3,8.7,2.5,2.23988685792661,,16.0,257.482639309405,147.735644945464,147.470108321518,148.828639457125,6,5,16.0926649568378,9.16198573210828,9.15046139923772,9.07758505002275,8.58,52.1933,-2.58,58,4.43935585016216,32.27036903940903,47.571894103551955
6,2557978,James Conner,PIT,RB,24.0,2.0,7.0,232.497393689986,267.286969269007,19.1641226903947,6.31361156412794,3,34.7895755790205,9.2,7.3,2.4,2.20752870628123,,16.0,253.77014944789698,144.023155083955,155.167502011504,133.798847188786,7,6,15.860634340493501,8.929955115764,9.63154850486186,8.13822303325158,10.89,49.6733,-3.89,55,4.614002717234491,31.45943801507713,45.99484130720638
7,2553435,David Johnson,ARI,RB,28.0,4.0,12.0,220.94869684499298,282.463070957547,23.520379835532697,10.2965643237243,3,61.51437411255421,7.4,6.1,2.3,2.17517055463584,,16.0,251.48706565550097,141.740071291559,143.618805166511,148.974948877327,8,7,15.7179416034688,8.787262378739241,8.90975495204979,9.08672938878536,7.3575,52.2033,0.6425,58,4.33598389061208,30.960736726327823,44.97408904710517
8,2558063,Deshaun Watson,HOU,QB,24.0,2.0,10.0,318.508367626886,341.753102921565,9.82772428767107,12.957113855051901,2,23.244735294678502,52.4,2.3,0.8,2.29132921835854,,16.0,328.541173486646,141.32636084755302,253.85528012933602,113.939242633452,9,2,20.5338233429153,8.83289755297207,15.865955008083501,7.12120266459076,47.0875,13.7533,-38.0875,16,20.5338233429153,30.870368631962656,44.78509215715568
9,2506363,Aaron Rodgers,GB,QB,36.0,14.0,11.0,306.4122,342.562419639772,15.464309336941302,19.768095342071103,2,36.1502196397722,59.0,3.3,1.1,2.49160204385668,,16.0,324.510354895399,137.295542256307,241.75911250245,114.74855935166,10,3,20.2818971809624,8.58097139101916,15.1099445314031,7.17178495947873,50.1575,12.6833,-40.1575,14,23.1793110639571,29.989904045921573,42.88167446132015
10,2552475,Todd Gurley,LAR,RB,25.0,4.0,9.0,208.619478737997,270.233486097305,25.9660536352828,5.15533237987927,4,61.6140073593073,16.5,10.5,3.9,2.69290098096197,,16.0,243.426010112037,133.679015748095,131.289587059515,136.745364017084,11,8,15.2141256320023,8.28344640727276,8.13917882036255,8.32238033502019,14.7425,43.6267,-3.7425,48,5.071375210667441,29.199934603517285,41.084445606167705
11,2540165,DeAndre Hopkins,HOU,WR,27.0,6.0,10.0,241.82299999999998,277.447098422056,13.4850184757985,3.67567012232081,1,35.6240984220564,8.5,1.7,1.1,2.03402073786416,,16.0,260.43063320307897,133.131644917556,141.736272324825,128.640680037527,12,1,16.2769145751925,8.26228317797834,8.72253752069731,7.89501983714499,6.1,56.1567,5.9,62,4.2004940839206295,29.08037064378758,40.80567313305656
12,2495454,Julio Jones,ATL,WR,30.0,8.0,9.0,237.439585714286,274.87689431610903,13.820896463496,2.6850561900148797,1,37.4373086018237,12.1,3.6,1.5,2.11999373629153,,16.0,258.09668917365,130.797700888126,137.352858039111,126.07047593158,13,2,16.1310430733531,8.11641167613898,8.44857412784017,7.7343820805233,11.6275,51.1633,1.3725,57,4.52801209076578,28.570559790930545,39.59875745060962
13,2557976,Joe Mixon,CIN,RB,23.0,2.0,9.0,211.42849292573,253.92388898633598,21.0283991346787,3.33004424833354,4,42.495396060606,14.5,9.6,2.6,2.27224500957199,,16.0,238.954992551516,129.207998187574,134.098601247248,120.43576690611499,14,9,14.9346870344697,8.00400780974018,8.31474220709584,7.30303051558466,17.3475,44.1833,-3.3475,49,4.87663250105134,28.223315949888015,38.76095994123112
14,2558149,JuJu Smith-Schuster,PIT,WR,23.0,2.0,7.0,232.42238994708998,278.003938379059,15.3486909768133,5.97714187192659,1,45.5815484319695,16.4,5.6,2.0,2.2274599843257405,,16.0,255.413236987868,128.11424870234399,132.335662271915,129.19751999453,15,3,15.9633273117417,7.9486959145276,8.13499939239043,7.92982233445768,16.6225,45.1467,-1.6225,50,5.10826473975735,27.984404754569745,38.17779918516334
15,2543495,Davante Adams,GB,WR,27.0,5.0,11.0,244.357609710551,261.82000869653,8.49025564152433,13.4582766285329,1,17.4623989859796,10.5,2.7,1.4,2.09850048668469,,16.0,255.410028979402,128.111040693878,144.270882035376,113.013590312001,16,4,15.9631268112126,7.9484954139985,8.88095062760674,6.9183267292996105,9.5025,52.7933,6.4975,59,4.328983542023759,27.983704019028796,38.17608112462922
16,2557991,Dalvin Cook,MIN,RB,24.0,2.0,12.0,219.288367626886,255.077441652626,13.4963814421651,11.205702161132699,4,35.7890740257398,14.9,9.9,2.4,2.20752870628123,,16.0,237.58636291279998,127.83936854885799,141.95847594840401,121.58931957240499,17,10,14.849147682049999,7.918468457320441,8.8059843759181,7.37512755722777,16.8275,40.9933,0.172499999999999,46,5.16492093288695,27.92436180421828,38.0304292576894
17,2561021,Nick Chubb,CLE,RB,24.0,1.0,7.0,207.605706447188,254.303039106149,20.905682104021803,15.7603738482622,4,46.697332658960704,7.5,6.1,1.9,2.04573794805431,,16.0,233.663533693564,123.91653932962299,130.275814768706,120.814917025928,18,11,14.6039708558478,7.67329163111822,8.07581805218696,7.32672739807294,12.18,46.2433,5.82,51,4.58163791556008,27.06748568180367,35.89624632563308
18,310,Matt Ryan,ATL,QB,34.0,11.0,9.0,292.634460297864,316.900363328167,10.1335971149129,6.22280599445639,3,24.265903030303,73.9,5.5,2.2,3.2259357373498396,,16.0,306.657764367788,119.442951728696,227.98137280031398,89.0865030400545,19,4,19.1661102729868,7.46518448304349,14.2488358000196,5.56790644000341,66.9675,6.6133,-47.9675,8,38.3322205459735,26.090305646035528,33.40922077623158
19,2556370,Michael Thomas,NO,WR,25.0,3.0,9.0,223.236,252.99073872549,11.9253550828201,4.59207537989309,2,29.7547387254902,18.1,6.3,1.7,2.1629802355052097,,16.0,243.46216125247997,116.16317296695601,123.149272324825,104.18432034096001,20,5,15.216385078279998,7.20175368106589,7.56085002069731,6.36649735610959,13.685,49.94,6.315,55,4.42658475004509,25.373893090026883,31.566904950489075
20,2495455,Cam Newton,CAR,QB,30.0,8.0,7.0,280.994506310014,317.269224622188,12.8533403050047,5.20465078589905,3,36.2747183121742,84.9,8.0,2.4,3.3594509543486,,16.0,302.826754738868,115.611942099775,216.341418812463,89.45536433407541,21,5,18.9266721711792,7.22574638123595,13.521338675778999,5.59096027087971,86.49,4.7033,-65.49,6,50.471125789811296,25.25348597015807,31.25673929325717
21,2540258,Travis Kelce,KC,TE,30.0,6.0,12.0,179.153657585379,241.827317228921,20.4521201728453,29.3585989705411,1,62.6736596435413,15.4,1.0,0.0,4.47927624452162,,16.0,224.91083622358,113.46450721343099,83.7399490083812,111.98744967766301,22,1,14.056927263973801,7.05511149608415,5.2337468130238305,6.68983480149786,15.845,41.5033,6.155,46,4.889366004860441,24.78441490544648,30.049070593411535
22,2556214,Tyreek Hill,KC,WR,25.0,3.0,12.0,155.38763151087602,284.45380734648,37.9393314718162,5.694771706976581,2,129.066175835604,16.0,5.1,1.6,2.14148698589837,,16.0,240.441343449258,113.142355163734,55.3009038357014,135.64738896194999,23,6,15.027583965578598,7.0129525683645,3.32032699012706,8.33293914492143,18.3625,32.31,4.6375,36,6.678926206923831,24.714046203740388,29.868133681606565
23,2532975,Russell Wilson,SEA,QB,31.0,7.0,11.0,275.1726,324.864238452675,18.9922485864162,2.47752345968087,3,49.691638452674894,87.3,8.5,2.9,3.6932389968455,,16.0,298.04316200779596,110.828349368704,210.51951250245,97.0503781645624,24,6,18.6276976254873,6.92677183554398,13.1574695314031,6.06564863528515,77.8475,5.45,-53.8475,6,49.6738603346327,24.208590523139307,28.57201948009174
24,2543496,Odell Beckham,CLE,WR,27.0,5.0,7.0,203.851,272.189685438752,24.9678953794248,9.15892503104871,2,68.3386854387519,13.4,4.4,1.9,2.2059667347189,,16.0,237.298828295916,109.99984001039199,103.764272324825,123.38326705422199,25,7,14.831176768494801,6.816545371280639,6.34928752069731,7.566431525688451,14.545,47.35,10.455,53,4.47733638294182,24.02761657636294,28.110007946332217
25,2555259,Carson Wentz,PHI,QB,27.0,3.0,10.0,285.024170096022,309.271315298045,8.75740682781208,3.5313140809892594,4,24.2471452020233,82.4,7.3,2.8,3.62648138834612,,16.0,297.201045898141,109.986233259049,220.371082598472,81.4574550099327,26,7,18.5750653686338,6.87413957869053,13.7731926624045,5.0910909381208,83.77,4.8033,-57.77,6,49.5335076496901,24.024644410184443,28.102431405714242
26,2557973,Leonard Fournette,JAC,RB,23.0,2.0,10.0,193.059361621192,231.193173490276,17.0509599572351,2.87999622227193,5,38.1338118690846,30.0,16.0,3.4,2.53111022273505,,16.0,219.09778780977,109.350793445828,115.72946994271001,97.70505141005569,27,12,13.693611738110599,6.76293251338107,7.166671500562201,5.88236079708092,28.75,28.4267,-1.75,32,6.846805869055309,23.88584326112834,27.749041340358122
27,2552469,Melvin Gordon,LAC,RB,26.0,4.0,12.0,154.032880082074,266.595819476013,49.734266826136796,2.09629243811219,5,112.562939393939,44.4,22.0,6.9,3.66364553032345,,14.1044,216.70853188083402,106.961537516893,76.7029884035919,133.107697395793,28,13,15.364604795725699,8.4339255709962,6.021371192073571,10.3343940076392,31.59,39.52,-3.59,44,4.92519390638259,23.363950453303996,26.429205435782436
28,2504775,Drew Brees,NO,QB,40.0,18.0,9.0,281.715829903978,309.51015010000003,12.1620528592748,2.1929715105345102,4,27.794320196022,95.9,10.7,3.3,3.96026943084301,,16.0,293.93023119809,106.715418558997,217.062742406428,81.6962898118875,29,8,18.370639449880603,6.66971365993733,13.5664214004017,5.106018113242969,75.6225,5.23,-46.6225,6,48.988371866348295,23.310189902816465,26.29416761226328
29,2560800,Baker Mayfield,CLE,QB,24.0,1.0,7.0,270.09878354020697,313.327750395243,17.7949401702883,3.5736638070103504,4,43.228966855036404,70.1,5.0,1.8,2.9589053033523305,,16.0,293.409232436214,106.19441979712099,205.44569604265598,85.51389010713049,30,9,18.3380770272633,6.637151237320079,12.840356002665999,5.34461813169566,58.7925,9.0667,-28.7925,10,29.340923243621397,23.196386478321173,26.008948009988647
30,2560765,Kerryon Johnson,DET,RB,22.0,1.0,5.0,195.43611024887298,227.66684494861698,13.4872818758009,4.45923425076148,5,32.2307346997443,29.3,15.8,3.1,2.43403576779891,,16.0,215.72705129416198,105.98005693021999,118.10621857039101,94.17872286839692,31,14,13.4829407058851,6.55226148115556,7.3152182897922895,5.66196526322725,32.1675,18.7167,-1.1675,19,11.354055331271699,23.149562512271583,25.89185485949729
31,2543468,Mike Evans,TB,WR,26.0,5.0,7.0,215.01717344841802,247.84916190486598,11.430385937555098,10.9090166853299,3,32.8319884564487,20.2,7.5,1.5,2.11999373629153,,16.0,232.19431518864602,104.89532690312201,114.93044577324301,99.0427435203364,32,8,14.512144699290399,6.497513302076269,7.04717336122341,6.0451488048206,22.48,36.9033,9.52,37,6.275522032125571,22.912621466016283,25.30178939070831
32,2550512,Damien Williams,KC,RB,27.0,5.0,12.0,173.779998471487,234.870969908815,22.734242929477702,5.03608273261509,5,61.0909714373273,31.0,16.4,4.4,2.8546917391888798,,16.0,213.49742759128202,103.750433227341,96.4501067930052,101.382847828594,33,15,13.3435892244551,6.41290999972561,5.9617113037056795,6.112223073239571,24.5125,31.7733,8.4875,32,6.67179461222757,22.662538681716143,24.68377111396142
33,2555334,Jared Goff,LAR,QB,25.0,3.0,9.0,265.784531968566,305.20283765,14.358699898118598,1.6567216547708798,4,39.4183056814338,96.5,10.3,3.1,3.8267542138442496,,16.0,290.06528693889703,102.850474299804,201.131444471016,77.3889773618875,34,10,18.129080433681,6.428154643737769,12.5707152794385,4.8368110851179695,89.5825,4.7333,-55.5825,5,58.01305738777929,22.46595777720491,24.201706157683358
34,2506109,Ben Roethlisberger,PIT,QB,37.0,15.0,7.0,277.571734881442,302.838396595745,9.47214134092146,3.4367793120137,4,25.266661714302398,111.0,13.8,3.4,4.02702703934239,6.0,16.0,289.60585031951,102.391037680417,212.918647383892,75.0245363076322,35,11,18.1003656449694,6.39943985502608,13.307415461493198,4.68903351922701,113.165,3.9233,-78.165,4,72.4014625798774,22.365601568225618,23.95695371565503
35,2555260,Dak Prescott,DAL,QB,26.0,3.0,8.0,278.686884978028,299.677632677706,8.134334341348639,2.30067241210958,5,20.990747699678103,113.4,14.1,2.9,3.6932389968455,10.0,16.0,287.211280248742,99.9964676096497,214.03379748047797,71.8637723895938,36,12,17.950705015546397,6.249779225603111,13.3771123425299,4.49148577434961,128.9325,2.51,-92.9325,3,95.7370934162474,21.842547975418615,22.69725676679093
36,2558116,Aaron Jones,GB,RB,25.0,2.0,11.0,177.087654320988,230.831592523074,20.7587957270709,3.97823702473849,5,53.7439382020867,27.0,15.0,3.9,2.69290098096197,,16.0,209.038206495518,99.29121213157629,99.75776264250558,97.3434704428537,37,16,13.0648879059699,6.13420868124032,6.1684397942994496,5.8597619866308,32.535,24.23,4.465,25,8.36152825982071,21.688496767581164,22.33170207923981
37,2543583,Devonta Freeman,ATL,RB,27.0,5.0,9.0,168.576,230.175974069264,23.748764149045,10.192416970883,5,61.5999740692641,33.0,17.4,3.3,2.4987520710896702,,16.0,207.88448322181702,98.1374888578752,91.24610832151791,96.68785198904351,38,17,12.9927802013635,6.06210097663401,5.63646139923772,5.81878583326766,31.2475,27.1733,6.7525,28,7.424445829350599,21.43648530599088,21.739439070781902
38,2560757,Lamar Jackson,BAL,QB,22.0,1.0,8.0,266.83329627669997,300.045644400628,13.5477358853631,2.9430005000228303,5,33.212348123927896,107.8,12.7,3.7,4.2272998648405204,2.0,16.0,285.12686176625,97.91204912715759,202.180208779149,72.2317841125154,39,13,17.820428860390603,6.119503070447349,12.6362630486968,4.514486507032211,112.4325,3.3733,-73.4325,4,71.2817154415625,21.387241785179857,21.62456926007238
39,2552033,Jameis Winston,TB,QB,25.0,4.0,7.0,270.47925046525,296.210861122911,11.7627983848591,5.22380007722893,5,25.731610657660603,99.8,11.1,2.9,3.6932389968455,10.0,16.0,284.694353907015,97.4795412679226,205.82616296770001,68.39700083479809,40,14,17.7933971191884,6.09247132924516,12.8641351854812,4.27481255217488,121.23,3.11,-81.23,4,71.17358847675371,21.29276771133593,21.404997778970944
40,2508061,Antonio Brown,OAK,WR,31.0,9.0,6.0,191.985522328327,237.84084927957,15.828764624802401,6.5626932370524,3,45.855326951243,27.4,11.0,3.1,2.463885730001,,16.0,224.08549134108898,96.78650305556489,91.89879465315241,89.03443089504009,41,9,14.005343208818,5.99071181160393,5.60769516621775,5.41962926573958,22.73,37.8633,18.27,38,5.8969866142391805,21.141385159891072,21.055415675453308
41,2556075,Derrick Henry,TEN,RB,25.0,3.0,11.0,165.466497757201,226.76589045135398,22.976543504762503,9.9302682440339,5,61.2993926941539,32.4,17.1,3.9,2.69290098096197,,16.0,202.23545571974202,92.48846135580031,88.13660607871849,93.2777683711339,42,18,12.6397159824839,5.70903675775432,5.44211750906276,5.60565560714831,38.3125,19.8133,3.6875,20,10.1117727859871,20.202550176300132,18.953471713407527
42,2532820,Kirk Cousins,MIN,QB,31.0,7.0,12.0,261.16104252400504,294.253677118161,13.478167098346699,0.923803515806355,5,33.0926345941554,132.3,17.9,3.1,3.8267542138442496,7.0,16.0,279.67336862543897,92.45855598634711,196.507955026455,66.4398168300484,43,15,17.47958553909,5.778659749146691,12.2817471891534,4.1524885518780295,134.0925,2.5133,-91.0925,3,93.22445620847981,20.196017850882857,18.939266285991135
43,2558008,Mitchell Trubisky,CHI,QB,25.0,2.0,6.0,255.569239755654,292.1219411,14.7370367752589,3.42789982077471,5,36.552701344346,132.3,17.5,3.1,3.8267542138442496,7.0,16.0,279.267739034133,92.0529263950402,190.91615225810398,64.3080808118875,44,16,17.454233689633302,5.753307899690009,11.932259516131499,4.01925505074297,136.4325,2.7633,-92.4325,3,93.08924634471079,20.107414882996466,18.747184585347064
44,2540154,Keenan Allen,LAC,WR,27.0,6.0,12.0,193.916658857378,228.899127954855,10.842052602778999,7.7787737396189405,4,34.9824690974774,25.8,10.3,2.0,2.2274599843257405,,16.0,218.485105665544,91.18611738002019,93.8299311822032,80.0927095703253,45,10,13.6553191040965,5.64068770688238,5.72839119928342,4.8607716829449,28.79,30.6533,16.21,31,7.0479066343723895,19.91807501981241,18.340484022034225
45,2504211,Tom Brady,NE,QB,42.0,19.0,10.0,273.32522541642203,283.272534556638,4.74149654783022,6.4413939153165,6,9.94730914021613,129.3,17.4,2.4,3.3594509543486,17.0,16.0,278.231391185134,91.0165785460413,208.67213791887102,55.45867426852529,46,17,17.3894619490709,5.68853615912758,13.042008619929499,3.4661671417828304,115.3875,3.18,-69.3875,4,69.5578477962834,19.881042110516688,18.26154429658075
46,2541785,Adam Thielen,MIN,WR,29.0,5.0,12.0,185.05,241.184663077998,21.199311394602102,12.6476438322377,4,56.134663077998106,30.9,12.7,3.0,2.4423924803941603,,16.0,216.56049054252898,89.26150225700479,84.96327232482541,92.3782446934682,47,11,13.535030658908,5.52039926169392,5.1742250206973095,5.62861762814134,27.2525,30.5,19.7475,31,6.98582227556544,19.49767518806252,17.456242314142077
47,2506121,Philip Rivers,LAC,QB,38.0,15.0,12.0,255.123760800826,282.56254749297,9.22991425567697,3.3396388338127796,6,27.4387866921434,121.9,15.9,2.7,3.5597237798467405,13.0,16.0,273.44828724158197,86.23347460248971,190.470673303276,54.74868720485729,48,18,17.0905179525989,5.389592162655599,11.9044170814547,3.42179295030358,117.895,2.87,-69.895,3,91.14942908052731,18.836253430917793,16.11929558448577
48,2558266,George Kittle,SF,TE,26.0,2.0,4.0,136.895694934704,218.092306321626,26.4465437135016,23.8944149363781,2,81.19661138692209,33.2,2.3,0.5,5.37432557241112,,16.0,197.01937203400902,85.5730430238596,41.4819863577056,88.2524387703684,49,2,12.3137107521256,5.31189498423595,2.5926241473566,5.20639661979194,29.26,28.15,19.74,29,6.793771449448579,18.69199325067801,15.836750277690204
49,2559947,Phillip Lindsay,DEN,RB,25.0,1.0,10.0,162.708312757202,219.389525568686,22.263737940722102,3.3047689048629802,6,56.6812128114845,54.8,25.8,3.5,2.56346837438044,,16.0,193.14867678212602,83.40168241818421,85.3784210787195,85.9014034884655,50,19,12.0717922988829,5.14111307415332,5.26973094656282,5.14463280198154,52.165,10.3867,-2.165,11,17.5589706165569,18.217696014634225,14.931130210390004
50,2560955,Josh Allen,BUF,QB,23.0,1.0,6.0,247.6336,284.717849363576,12.7580640359656,4.32643823436052,6,37.0842493635755,138.3,18.3,3.7,4.2272998648405204,2.0,16.0,270.131707298052,82.91689465896,182.98051250244998,56.903989075463,51,19,16.883231706128303,5.182305916185,11.4362820314031,3.55649931721644,146.1225,2.3267,-95.1225,3,90.04390243268409,18.11180227516649,14.73386634820773
51,2562382,Kyler Murray,ARI,QB,49.0,0.0,12.0,216.9414,291.558688233303,28.603813445641,17.1116921253952,6,74.617288233303,107.9,12.5,3.7,4.2272998648405204,2.0,16.0,270.085589517486,82.8707768783938,152.28831250245,63.744827945190494,52,20,16.8803493448429,5.179423554899611,9.5180195314031,3.9840517465744103,109.555,3.4167,-57.555,4,67.5213973793715,18.101728620980328,14.715194950569481
52,2540158,Zach Ertz,PHI,TE,29.0,6.0,10.0,176.574819298246,211.628339671222,15.9578037332763,42.1425333226201,2,35.0535203729764,36.2,3.0,0.8,4.009666149493221,,16.0,194.08510247206902,82.6387734619197,81.1611107212476,81.7884721199646,53,3,12.130318904504302,5.1285031366147,5.072569420077969,4.802398704141701,31.6975,27.5833,21.3025,28,6.931610802573889,18.051051373314156,14.62151409121064
53,2562377,Josh Jacobs,OAK,RB,49.0,0.0,6.0,157.65,213.681340819126,24.187308410567397,3.8211247396828902,6,56.031340819125994,39.7,20.0,3.5,2.56346837438044,,16.0,191.46169816929,81.71470380534859,80.3201083215179,80.19321873890541,54,20,11.966356135580599,5.03567691085109,4.95358639923772,4.78787125513403,38.585,15.71,15.415,16,11.966356135580599,17.849203885210134,14.252510623092125
54,2558123,Marlon Mack,IND,RB,,2.0,6.0,162.73420487008002,199.58830165677898,12.6602512833828,1.85060168070959,6,36.8540967866991,46.0,21.3,3.7,2.6281846776712,,16.0,188.226117585235,78.4791232212939,85.4043131915982,66.1001795765588,55,21,11.7641323490772,4.83345312434767,5.27134920361774,3.9070563074873705,38.0325,22.8233,16.9675,23,8.18374424283632,17.142445678395962,13.01271060761298
55,2552608,Stefon Diggs,MIN,WR,26.0,4.0,12.0,183.989771428571,218.595821428571,13.527400641415602,2.9604413759577994,5,34.60605,35.2,14.4,2.9,2.42089923078732,,16.0,204.852173309322,77.55318502379771,83.9030437533969,69.7894030440416,56,12,12.803260831832599,4.78862943461848,5.10796073498303,4.2168150250521705,34.7625,22.97,21.2375,23,8.906616230840061,16.94019003892644,12.672905845768337
56,2558865,Chris Carson,SEA,RB,25.0,2.0,11.0,130.25,210.099718715379,29.961998944660397,3.68943322553912,6,79.8497187153789,29.0,15.8,4.0,2.7252591326073503,,16.0,187.055029273979,77.30803491003749,52.920108321517894,76.6115966351583,57,22,11.6909393296237,4.760260104894151,3.2410863992377204,4.56401987364984,41.39,14.1833,15.61,15,12.4703352849319,16.886641116159588,12.58405609909986
57,2560809,Sony Michel,NE,RB,24.0,1.0,10.0,136.21967152655301,205.049494402848,24.9866453797918,8.170411380601049,6,68.829822876295,34.8,18.3,4.3,2.8223335875435,,16.0,185.696002535073,75.949008171131,58.8897798480709,71.5613723226274,58,23,11.606000158441999,4.675320933712491,3.6141908696472798,4.24838085411666,44.715,14.5933,13.285,15,12.3797335023382,16.589784562582917,12.099967012594318
58,238498,Julian Edelman,NE,WR,33.0,10.0,10.0,190.84,214.489259244464,10.8876945422682,4.20984164391697,5,23.6492592444637,44.4,18.3,3.8,2.6143384772488902,,16.0,202.97352011126,75.6745318257366,90.7532723248254,65.6828408599339,59,13,12.6858450069538,4.67121360973966,5.53610002069731,3.9601548885454396,41.3725,18.64,17.6275,19,10.6828168479611,16.529829817323332,12.003934976852879
59,2543801,Jimmy Garoppolo,SF,QB,28.0,5.0,4.0,201.912272839506,290.530380031896,30.993620765170302,17.3239461332287,6,88.61810719239,149.3,20.7,2.7,3.5597237798467405,13.0,16.0,261.524948609897,74.31013597080499,137.259185341956,62.7165197437836,60,21,16.3453092881186,4.64438349817532,8.57869908387223,3.9197824839864803,145.8725,2.26,-85.8725,3,87.1749828699658,16.23180047057539,11.535198707321486
60,2552487,Amari Cooper,DAL,WR,25.0,4.0,8.0,182.06400000000002,214.746213242424,12.6861915552492,4.21696806422983,5,32.6822132424242,32.1,13.3,3.0,2.4423924803941603,,16.0,200.809943755467,73.5109554699432,81.9772723248254,65.9397948578944,61,14,12.550621484716698,4.5359900875025705,4.987600020697309,3.97621451341797,34.1425,26.3067,26.8575,27,7.43740532427655,16.057232919857146,11.267287601868185
61,2495466,Mark Ingram,BAL,RB,30.0,8.0,8.0,143.44,186.921837313053,17.6676741281112,8.68958840838525,6,43.481837313053205,43.9,21.6,3.8,2.66054282931658,,16.0,181.035189561807,71.2881951978658,66.1101083215179,53.433715232832604,62,24,11.314699347613,4.38402012288342,4.06546139923772,3.11540228600448,45.8025,14.1467,16.1975,15,12.069012637453802,15.571708290424937,10.547731544777788
62,2543498,Brandin Cooks,LAR,WR,26.0,5.0,9.0,176.594471428571,203.960168693009,9.32018742505678,3.1784944813113,5,27.3656972644377,33.0,13.6,2.9,2.42089923078732,,16.0,196.71741317922002,69.4184248936961,76.50774375339691,55.1537503084793,63,15,12.294838323701198,4.2802069264871205,4.645754484983031,3.3020867290795297,42.7625,13.4067,20.2375,14,14.0512437985157,15.163288387721305,9.971224014975855
63,2540169,Robert Woods,LAR,WR,27.0,6.0,9.0,179.066271428571,214.35274500000003,13.9489260282144,6.0783145000717695,5,35.2864735714286,37.3,15.6,3.4,2.5283654788215197,,16.0,196.468538203254,69.16954991773059,78.9795437533969,65.54632661547011,64,16,12.279283637703399,4.26465224048928,4.800241984983031,3.95162274826646,44.8275,14.13,19.1725,15,13.0979025468836,15.108925831399535,9.896445374807456
64,2555230,Kenyan Drake,MIA,RB,,3.0,5.0,143.29079784902902,199.887307294833,23.0873684774371,5.0403631915338,6,56.596509445804,77.5,33.6,6.5,3.53421292374192,,16.0,174.015992747136,64.2689983831941,65.9609061705467,66.3991852146122,65,25,10.875999546696,3.94532032196644,4.05613626480202,3.9257441598657103,78.2425,5.3067,-13.2425,6,29.002665457856,14.038482699178381,8.515262184811391
65,2532865,T.Y. Hilton,IND,WR,30.0,7.0,6.0,166.414485596708,205.52230742847098,19.1288740151584,0.773291922107205,5,39.107821831763,57.2,22.2,4.5,2.76479122449678,,16.0,190.60929919256301,63.3103109070389,66.3277579215333,56.715889043941004,66,17,11.913081199535199,3.8984498023210494,4.00950537049155,3.3997204000458803,41.6725,27.3,24.3275,28,6.80747497116295,13.829073530115569,8.26485822806994
66,2552430,Tyler Lockett,SEA,WR,27.0,4.0,11.0,152.38,221.04915328395802,25.190309838611803,5.958871537438769,5,68.669153283958,43.4,17.8,4.8,2.82927097331731,,16.0,190.17114821380298,62.8721599282788,52.2932723248254,72.24273489942809,67,18,11.885696763362699,3.8710653661485397,3.13235002069731,4.37014826601383,51.2625,10.11,15.7375,11,17.288286201254802,13.73336681164024,8.152509288927243
67,2558052,Kenny Golladay,DET,WR,26.0,2.0,5.0,171.503871428571,204.38186292294603,15.8559919351595,10.674536696861802,6,32.8779914943746,45.1,18.8,3.8,2.6143384772488902,,16.0,189.500866327108,62.2018780415847,71.4171437533969,55.57544453841621,68,19,11.8438041454443,3.82917274823016,4.32759198498303,3.3284426184505898,47.845,14.5033,20.155,15,12.6333910884739,13.586954997131734,7.9831531229182975
68,2543773,James White,NE,RB,27.0,5.0,10.0,145.378,187.234495257754,14.832376391936801,4.13638045188077,7,41.8564952577536,69.1,30.4,3.8,2.66054282931658,,16.0,170.675209559709,60.928215195767,68.0481083215179,53.746373177532995,69,26,10.6672005974818,3.7365213727522404,4.18658639923772,3.13494340754825,66.7675,7.55,2.2325,8,21.3344011949636,13.308744751517052,7.66961967254892
69,2562502,David Montgomery,CHI,RB,49.0,0.0,6.0,116.05,188.679408655657,28.1618763708662,6.66710515779582,7,72.6294086556573,43.0,21.2,4.8,2.98412434577041,,16.0,167.276049551495,57.5290551875537,38.7201083215179,55.191286575436706,70,27,10.4547530969685,3.52407387223891,2.35358639923772,3.22525049491724,48.9825,11.98,21.0175,12,13.939670795957902,12.566255368338494,6.884378327348391
70,2543499,Derek Carr,OAK,QB,28.0,5.0,6.0,223.25034110637,256.954403223594,11.305011383580199,0.9208670874864421,7,33.7040621172238,179.2,24.0,2.2,3.2259357373498396,18.0,16.0,244.422846174285,57.2080335351922,158.59725360882,29.1405429354814,71,22,15.2764278858928,3.57550209594951,9.912328350551231,1.8212839334675903,148.0825,2.3933,-77.0825,3,81.4742820580948,12.496133582934771,6.813979143841027
71,2495143,Andy Dalton,CIN,QB,32.0,8.0,9.0,216.3,261.965918909091,17.2460058773947,3.5055841991088506,7,45.6659189090909,193.8,25.6,1.8,2.9589053033523305,21.0,16.0,243.979158779053,56.7643461399605,151.64691250245002,34.1520586209784,72,23,15.248697423690802,3.54777163374753,9.4779320314031,2.13450366381115,170.28,1.675,-98.28,2,121.989579389526,12.399217527317006,6.717720511924609
72,2558250,Tarik Cohen,CHI,RB,24.0,2.0,6.0,121.896,202.550109634147,28.1085280627352,11.258832308055199,7,80.6541096341466,81.3,34.5,5.2,3.1135569523519395,34.0,16.0,165.80160866416,56.05461430021871,44.566108321517895,69.061987553926,73,28,10.36260054151,3.43192131678047,2.7189613992377204,4.09216930607282,74.1225,5.3267,-1.1225,6,27.6336014440267,12.244188533495365,6.566230550107833
73,79860,Matthew Stafford,DET,QB,31.0,10.0,5.0,230.934236182756,257.645674545455,12.7987283226736,5.156987702208,7,26.711438362698498,173.3,23.6,1.9,3.02566291185171,20.0,16.0,243.024799394543,55.809986755451,166.281148685206,29.831814257342,74,24,15.189049962159,3.48812417221568,10.3925717928254,1.8644883910838799,151.4025,1.8067,-77.4025,2,121.512399697272,12.190753757143506,6.514718513284601
74,2558105,Chris Godwin,TB,WR,23.0,2.0,7.0,161.8,201.88597545284802,18.166474489383102,1.35879059547125,6,40.0859754528478,42.2,17.4,4.1,2.6788182260694198,,16.0,178.92368702561902,51.6246987400953,61.713272324825404,53.0795570683179,75,20,11.1827304391012,3.1680990418870802,3.72110002069731,3.1724496515694396,45.9275,13.4633,29.0725,14,12.7802633589728,11.276547921161258,5.687324946629734
75,2555466,Tyler Boyd,CIN,WR,25.0,3.0,9.0,161.857759318048,194.509413534356,13.427570181224599,2.42580155982319,6,32.6516542163077,60.4,24.8,4.8,2.82927097331731,,16.0,178.728972234874,51.4299839493505,61.7710316428736,45.702995149826094,76,21,11.1705607646796,3.15592936746553,3.7247099780753197,2.7114145316637,62.8025,7.37,13.1975,8,22.341121529359302,11.234015747175182,5.651232348171866
76,2552466,Marcus Mariota,TEN,QB,26.0,4.0,11.0,223.23976478542005,258.42945426649203,14.030474449909198,11.250272753639697,7,35.1896894810717,210.3,27.5,2.0,3.09242052035109,19.0,16.0,237.922349765345,50.7075371262523,158.58667728786997,30.615593978379604,77,25,14.870146860334001,3.16922107039077,9.91166733049187,1.9134746236487201,180.695,1.91,-103.695,2,118.96117488267201,11.076209378906144,5.519115585719317
77,2561036,Sam Darnold,NYJ,QB,22.0,1.0,4.0,213.464227376053,254.73721413096698,15.027701669798901,22.924210025242,7,41.272986754913795,158.4,21.4,2.6,3.49296617134736,15.0,16.0,237.81327361932597,50.598460980233604,148.81113987850298,26.9233538428546,78,26,14.8633296012079,3.1624038112646002,9.30069624240643,1.6827096151784098,153.5825,2.7833,-75.5825,3,79.27109120644201,11.052383527760206,5.499412487322185
78,2557898,Cooper Kupp,LAR,WR,26.0,2.0,9.0,156.031690288815,196.10406033333302,18.5571341892689,1.80926263728975,6,40.072370044518706,53.1,22.0,4.6,2.7862844741036294,,16.0,176.40082062542098,49.101832339897605,55.9449626136401,47.2976419488035,79,22,11.0250512890888,3.0104198918747205,3.36058066374823,2.81107995659979,56.3875,10.7633,22.6125,11,16.0364382386747,10.72547015112439,5.235421894145421
79,2495450,A.J. Green,CIN,WR,31.0,8.0,9.0,153.921381886088,197.260230370936,21.428649863697697,3.36537097800587,6,43.3388484848485,76.4,30.4,7.4,3.38809546309519,,14.439,176.205520724681,48.906532439157,53.8346542109132,48.4538119864064,80,23,12.2034435019517,4.1888121047376,4.2687137325948,4.21620305542061,65.315,18.7967,14.685,19,9.273974774983198,10.682810169692111,5.20183470480704
80,2558846,Mike Williams,LAC,WR,25.0,2.0,12.0,150.1,192.475686578163,19.9470172035756,0.33764691706397804,7,42.3756865781631,58.6,24.3,4.0,2.65732497646258,,16.0,172.97759525158298,45.6786069660588,50.0132723248254,43.6692681936332,81,24,10.811099703223901,2.7964683060097903,2.9898500206973098,2.5843065969016497,64.6325,6.74,16.3675,7,24.7110850359404,9.977724093227351,4.674435239850837
81,2552453,Tevin Coleman,SF,RB,26.0,4.0,4.0,120.819,169.86775175826298,19.7316549315497,5.43865438926443,7,49.0487517582634,57.0,26.2,3.5,2.56346837438044,43.0,16.0,155.416280123239,45.669285759297104,43.4891083215179,36.3796296780428,82,29,9.71351750770242,2.78283828297288,2.65164889923772,2.0495219388301202,68.28,6.65,13.72,7,22.202325731891197,9.97568803224692,4.672985950843342
82,2533039,Alshon Jeffery,PHI,WR,29.0,7.0,10.0,157.294609710551,184.09001917752602,10.2033091617092,1.38764434226948,7,26.7954094669751,64.1,26.4,4.1,2.6788182260694198,,16.0,172.702704241767,45.4037159562436,57.2078820353763,35.283600792996204,83,25,10.7939190151105,2.77928761789634,3.43951312760674,2.06020238436184,77.22,5.1833,5.78,6,28.7837840402946,9.917678771493204,4.631867552537085
83,2560854,Calvin Ridley,ATL,WR,25.0,1.0,9.0,144.927376425632,199.383927369519,21.3060506170899,4.04789345304999,7,54.4565509438867,61.4,25.1,4.1,2.6788182260694198,,16.0,172.57719242727,45.278204141745995,44.840648750457405,50.577508984988796,84,26,10.7860745267044,2.7714431294902404,2.66656104729931,3.0160716463613797,65.845,7.13,18.155,8,21.572149053408697,9.890262824758489,4.61255051314228
84,2552461,Duke Johnson,HOU,RB,26.0,4.0,10.0,92.64804383695859,190.5249195,35.058493736178,7.808582113853281,7,97.8768756630414,63.5,28.4,4.6,2.91940804247965,39.0,16.0,153.669272588971,43.92227822502971,15.3181521584766,57.0367974197794,85,30,9.604329536810699,2.6736503120811603,0.890964139047634,3.34059492268866,82.235,6.9567,2.765,7,21.9527532269959,9.59408359368202,4.408546336317563
85,2556462,Robby Anderson,NYJ,WR,26.0,3.0,4.0,154.7,185.284137571429,14.4065490640516,4.09713153554219,7,30.5841375714286,68.6,28.1,5.4,2.95823047095836,,16.0,170.05292737172599,42.7539390862022,54.6132723248254,36.4777191868987,86,27,10.6283079607329,2.61367656351876,3.27735002069731,2.13483478398074,83.27,4.6767,2.73,5,34.0105854743452,9.338879541964733,4.239486888932631
86,2557858,Evan Engram,NYG,TE,25.0,2.0,11.0,118.84579379679701,159.752783642048,15.968046842479401,5.1955632367246105,3,40.9069898452518,63.4,5.4,1.1,4.06248931246379,,16.0,152.164811723193,40.7184827130434,23.4320852197985,29.912916090791,87,4,9.51030073269955,2.5084849648099397,1.46450532623741,1.5601764523183501,58.68,8.3433,28.32,9,16.907201302577,8.894268301734261,3.9592495363855447
87,2557856,O.J. Howard,TB,TE,25.0,2.0,7.0,137.26377217553699,166.53392215460102,11.7646085290999,10.440435180074001,3,29.2701499790641,51.3,4.2,0.7,3.42639018035708,,16.0,151.720326575705,40.2739975655557,41.850063598538796,36.6940546033436,88,5,9.48252041098157,2.48070464309196,2.6156289749086805,1.98399760935289,56.38,7.8933,31.62,8,18.9650408219631,8.797177990541867,3.900394350646077
88,2560813,D.J. Moore,CAR,WR,22.0,1.0,7.0,141.743,185.59382930303002,15.508723625083698,3.1387793631350602,7,43.8508293030303,62.1,25.5,4.8,2.82927097331731,,16.0,167.005670576714,39.70668229118979,41.656272324825395,36.7874109185004,89,28,10.4378544110446,2.42322301383048,2.46753752069731,2.15419051720585,74.205,5.48,14.795,6,27.8342784294523,8.673257502211243,3.826461371274267
89,2543488,Jarvis Landry,CLE,WR,27.0,5.0,7.0,141.8386,180.67795815,16.159995397155498,2.3832396067970802,7,38.83935815,82.2,33.3,5.2,2.9152439717446805,72.0,16.0,164.90592109565398,37.6069328101301,41.7518723248254,31.8715397654701,90,29,10.3066200684784,2.29198867126425,2.47351252069731,1.84694857014146,72.5225,5.9133,17.4775,6,27.484320182609,8.214602512962594,3.564077823967087
90,2561000,Derrius Guice,WAS,RB,22.0,1.0,10.0,120.830798471487,175.340356417707,19.3876316081495,2.8773157285210096,8,54.509557946219594,76.4,33.3,5.1,3.08119880070656,36.0,16.0,146.285978878977,36.5389845150357,43.50090679300529,41.852234337486294,91,31,9.14287367993608,2.21219445520654,2.65238630370568,2.3915597300453397,86.515,4.32,4.485,4,36.571494719744294,7.981327154057667,3.437201658750557
91,2559169,Austin Ekeler,LAC,RB,,,12.0,115.844335332158,158.57487712123,19.3664349192015,6.52898315696839,8,42.730541789072795,75.5,32.7,5.1,3.08119880070656,36.0,16.0,145.435402071259,35.6884077073171,38.5144436536755,25.086755041009802,92,32,9.08971262945367,2.1590334047241204,2.34073235749757,1.34371727401555,84.9125,6.4367,7.087500000000009,6,24.2392336785431,7.795532943787193,3.339205941930113
92,2543509,Allen Robinson,CHI,WR,26.0,5.0,6.0,147.2,173.233429,11.0722916986405,1.12696034779827,7,26.033429,64.7,26.2,5.2,2.9152439717446805,72.0,16.0,162.827861331503,35.528873045979296,47.1132723248254,24.4270106154701,93,30,10.1767413332189,2.16210993600483,2.80860002069731,1.38166549826646,75.845,6.2433,17.155,6,27.1379768885839,7.760685277891475,3.3211218054178393
93,2543457,Sammy Watkins,KC,WR,26.0,5.0,12.0,132.986750778411,178.28307830303,20.362158395915,3.08354624891666,7,45.2963275246196,83.6,33.2,4.9,2.8507642229241497,75.0,16.0,162.217501646211,34.9185133606868,32.9000231032362,29.4766599185004,94,31,10.1385938528882,2.12396245567404,1.92027194434798,1.6972685797058502,91.515,3.5633,2.485,4,40.5543754115526,7.62736246132654,3.252784299827354
94,2557848,Corey Davis,TEN,WR,24.0,2.0,11.0,131.8562,186.44868963636398,22.822807757494697,4.76185291167653,7,54.5924896363636,90.8,36.7,5.5,2.9797237205652003,71.0,16.0,161.184300321199,33.8853120356753,31.769472324825397,37.6422712518337,95,32,10.0740187700749,2.0593873728608303,1.84961252069731,2.20761928803918,100.2175,3.0567,-5.2175,3,53.7281001070664,7.401676994136577,3.1401248837963887
95,2555418,Jordan Howard,PHI,RB,25.0,3.0,10.0,91.2060832059573,180.36359275732897,36.0324338502964,6.968578606029871,8,89.1575095513718,92.4,38.1,5.8,3.3077058622242403,31.0,16.0,141.381924229654,31.634929865712298,13.8761915274752,46.8754706771084,96,33,8.83637026435337,1.90569103962383,0.800841599610048,2.7055120012717198,98.875,2.7533,-2.875,3,47.127308076551294,6.910118825278819,2.9074133246683536
96,71265,Jared Cook,NO,TE,32.0,10.0,9.0,118.17578128655,153.29361627665,14.7528799912323,7.4107012056559505,3,35.1178349901001,87.7,7.7,1.4,3.94986814004332,,16.0,142.218170397231,30.7718413870818,22.762072709551703,23.453748725392398,97,6,8.888635649826949,1.8868198819373403,1.4226295443469799,1.1564784919809399,71.6,4.5233,25.4,5,28.443634079446202,6.7215916507479205,2.8225885417437384
97,2555295,Sterling Shepard,NYG,WR,,3.0,11.0,132.9656,178.68814284237598,16.7750058007188,2.31451221866243,7,45.72254284237571,97.7,39.1,4.7,2.8077777237104704,76.0,16.0,157.083610473389,29.784622187865,32.878872324825394,29.881724457845802,100,35,9.8177256545868,1.80309425737268,1.91895002069731,1.72258511341494,102.615,2.7633,-2.61499999999999,3,52.3612034911296,6.505950206238871,2.7284556426439965
98,2555341,Hunter Henry,LAC,TE,25.0,3.0,12.0,115.764,159.167143822562,16.3259681339923,12.1648379149494,3,43.403143822562,65.1,5.7,1.2,4.1279595153646405,,16.0,140.341612394031,28.8952833838816,20.3502914230019,29.3272762713046,101,7,8.77135077462693,1.7695350067373201,1.27189321393762,1.52357396360045,62.7175,6.64,38.2825,6,23.3902687323385,6.311689089253832,2.6462275455583875
99,2532884,Marvin Jones,DET,WR,29.0,7.0,5.0,129.257609710551,171.053525343269,14.0147460134626,2.6279222885939904,7,41.7959156327181,88.1,35.4,5.0,2.87225747253099,74.0,16.0,155.761284345656,28.462296060132605,29.1708820353763,22.2471069587392,102,36,9.735080271603529,1.72044887438941,1.68720062760674,1.2454215197207699,105.5375,2.1567,-3.5374999999999903,2,77.8806421728282,6.217110284443902,2.6070560083725787
100,2555261,Jacoby Brissett,IND,QB,27.0,3.0,6.0,7.31052433862434,254.57392100457298,78.84581241632709,3.3619974090183904,7,247.263396665949,183.9,24.6,2.5,3.42620856284798,16.0,16.0,215.530880404084,28.316067764991605,-57.342563158926104,26.7600607164606,103,27,13.470680025255199,1.7697542353119702,-3.5839101974328798,1.6725037947787902,169.95,2.365,-66.95,3,71.8436268013613,6.185169170639271,2.5939527399977242
101,2532842,Nick Foles,JAC,QB,30.0,7.0,10.0,127.183720426423,240.76133139988602,36.3771476599072,15.010992159253199,8,113.577610973463,202.8,26.4,1.7,2.89214769485295,23.0,16.0,214.247246784084,27.0324341449916,62.5306329288723,12.9474711117733,104,28,13.3904529240053,1.68952713406198,3.9081645580545197,0.8092169444858291,154.5033,2.2467,-50.5033,3,71.41574892802801,5.90478097695667,2.481603048692276
102,2562722,Miles Sanders,PHI,RB,49.0,0.0,10.0,92.65,160.76712030604298,26.7526387842934,5.24636359466228,8,68.1171203060433,69.3,29.9,6.5,3.53421292374192,25.0,16.0,136.430913598927,26.683919234985105,15.320108321517901,27.2789982258227,105,34,8.52693209993292,1.5962528752033702,0.891086399237718,1.48073247306636,73.2475,5.91,31.7525,6,22.7384855998211,5.828653751426246,2.451913651958245
103,2557895,Dede Westbrook,JAC,WR,26.0,2.0,10.0,108.652989832784,168.947788854795,24.4477883219096,1.9257419907226598,7,60.29479902201079,94.5,37.7,6.8,3.2591359654541403,60.0,16.0,153.776912163796,26.4779238782724,8.56626215760936,20.1413704702648,106,37,9.61105701023726,1.59642561302315,0.39941188524630705,1.11381298919113,94.3625,3.66,11.6375,4,38.4442280409491,5.783657527366861,2.4345257739157393
104,2560836,Dante Pettis,SF,WR,24.0,1.0,4.0,134.797860082305,169.350154859893,14.893692574342401,1.40561577154202,8,34.5522947775883,96.3,38.7,7.3,3.36660221348835,58.0,16.0,152.489811950329,25.190823664804803,34.711132407129995,20.543736475362998,107,38,9.53061324689554,1.5159818496814201,2.03346627584135,1.13896086450976,114.685,1.7767,-7.685,2,76.2449059751643,5.5025121145950555,2.3285338221347835
105,2555346,Will Fuller,HOU,WR,25.0,3.0,10.0,124.257609710551,186.71496295961103,23.6983614892657,0.42616792749095095,8,62.4573532490603,82.9,33.7,5.7,3.02271021977888,67.0,16.0,151.212528395819,23.9135401102948,24.1708820353763,37.90854457508139,108,39,9.45078302473866,1.43615162752454,1.37470062760674,2.22426137074216,89.3825,3.97,18.6175,4,37.8031320989546,5.223510986010132,2.227743773858075
106,2560781,Christian Kirk,ARI,WR,23.0,1.0,12.0,109.41036048134899,169.22426979204099,19.5265519033117,2.15735351399505,8,59.813909310692395,88.7,35.5,4.7,2.8077777237104704,76.0,16.0,150.955863961754,23.656875676230698,9.32363280617393,20.4178514075111,109,40,9.43474149760966,1.42011010039554,0.44674755078159295,1.13109304776902,96.4225,3.16,12.5775,3,50.318621320584796,5.167446953463368,2.208003562664891
107,2537931,Josh Gordon,NE,WR,28.0,7.0,10.0,-0.6423902894491129,167.617314460784,52.758199771343406,3.9132676867147005,8,168.259704750233,68.3,27.9,6.5,3.19465621663362,63.0,16.0,150.616856974901,23.317868689376997,-100.72911796462401,18.810896076254398,110,41,9.413553560931302,1.3989221637171798,-6.43154937239326,1.03065833956548,83.74,6.1733,26.26,6,25.102809495816803,5.0933965739713685,2.182188499798713
108,382,Joe Flacco,DEN,QB,34.0,11.0,10.0,163.961798589065,229.19612635304,20.1608323867775,34.3135598504321,8,65.2343277639752,228.9,29.3,1.6,2.8253900863535697,24.0,16.0,210.090519206047,22.875706566954698,99.3087110915148,1.3822660649279,111,29,13.130657450377901,1.42973166043467,6.20679444321967,0.086391629057994,178.235,2.315,-67.235,3,70.03017306868239,4.996813688567624,2.148955163347499
109,79607,LeSean McCoy,KC,RB,31.0,10.0,12.0,97.34818571428569,150.02356066745,22.172867942512102,3.59728044988827,8,52.67537495316439,110.3,43.8,9.9,4.6343900796849296,8.0,16.0,132.395777648321,22.648783284379803,20.018294035803603,16.5354385872295,112,35,8.27473610302009,1.34405687829054,1.18472300638058,0.8092599956542871,110.6325,2.3033,1.3675000000000102,3,44.1319258827738,4.947246110783474,2.132089452657171
110,2541161,Latavius Murray,NO,RB,29.0,6.0,9.0,85.86399999999999,149.17801120476102,24.839443849373197,2.65148245829418,8,63.31401120476129,69.0,30.4,4.5,2.88704989083426,40.0,16.0,129.973322360207,20.226327996265898,8.534108321517909,15.689889124540699,113,36,8.12333264751296,1.19265342278342,0.466961399237719,0.7564131542362359,90.33,3.64,22.67,4,32.4933305900519,4.418101460839575,1.9598269197643672
111,2506106,Larry Fitzgerald,ARI,WR,36.0,15.0,12.0,131.7,168.031667049944,14.278664752756699,3.7353521000877405,8,36.33166704994429,109.0,43.3,5.7,3.02271021977888,67.0,16.0,146.980163920618,19.681175635094302,31.613272324825395,19.225248665414398,114,42,9.18626024503863,1.17162884782451,1.83985002069731,1.05655537638797,113.8125,2.1133,0.1875,2,73.490081960309,4.299022088463283,1.9229584970346407
112,497322,Emmanuel Sanders,DEN,WR,32.0,9.0,10.0,92.02545714285709,168.323542848485,28.6220963394016,7.61962072731012,8,76.2980857056277,118.7,47.1,9.8,3.9039334536593997,46.0,16.0,146.427014655754,19.1280263702303,-8.06127053231742,19.517124463955,115,43,9.15168841598463,1.13705701877051,-0.639808907874117,1.07479761379676,110.005,3.13,4.995,3,48.8090048852514,4.178195926858015,1.8862360422190136
113,2495469,Dion Lewis,TEN,RB,29.0,8.0,11.0,90.5719283950617,149.96061165282498,21.3241327702028,2.73154389401783,9,59.38868325776279,130.6,49.5,5.8,3.3077058622242403,31.0,16.0,127.62367203665899,17.8766776727172,13.2420367165796,16.4724895726039,116,37,7.976479502291171,1.04580027756163,0.7612069239290771,0.8053256822401899,135.1425,1.54,-19.1425,2,63.8118360183294,3.9048598319660996,1.8056520786370627
114,2540215,Vance McDonald,PIT,TE,29.0,6.0,7.0,113.176550877193,141.43834875,12.117471150664699,3.3186234661501004,4,28.261797872807,97.9,8.7,1.9,3.67979156808841,30.0,16.0,129.27332598912,17.8269969789702,17.762842300194897,11.598481198742599,117,8,8.07958287431997,1.07776710643036,1.11017764376218,0.415524271565324,84.8625,2.9433,32.1375,3,43.0911086630398,3.8940079192679735,1.8025226656067748
115,2560835,Rashaad Penny,SEA,RB,23.0,1.0,11.0,91.42200000000001,150.322866838977,24.162813837174,6.744889700190849,9,58.900866838977,83.5,35.5,5.0,3.0488406490611806,38.0,16.0,127.02000776716801,17.273013403226198,14.092108321517902,16.8347447587563,118,38,7.93875048544798,1.0080712607184399,0.814336399237718,0.827966631374714,100.5775,2.39,17.4225,3,42.3400025890559,3.772999516471007,1.767981612155752
116,2557986,David Njoku,CLE,TE,23.0,2.0,7.0,106.757,147.599322782446,15.7394884827985,5.30485067227822,4,40.842322782446296,99.8,9.0,1.8,4.15165851906913,25.0,16.0,127.080222969043,15.6338939588941,11.343291423001899,17.7594552311889,119,9,7.942513935565209,0.940698167675606,0.7089557139376209,0.800585148593221,90.22,2.64,28.78,3,42.360074323014494,3.4149614181651184,1.6695050271237695
117,2495966,Delanie Walker,TEN,TE,35.0,13.0,11.0,106.424728571429,142.024533157831,14.725554219398802,6.40480385899833,4,35.599804586402705,133.5,12.5,2.9,4.20337998026595,23.0,16.0,124.82918207689501,13.3828530667461,11.0110199944305,12.184665606573802,120,10,7.80182387980597,0.8000081119163591,0.6881887496519069,0.452160797054779,115.555,1.8533,4.4449999999999905,2,62.4145910384477,2.923259362515434,1.5429161443815955
118,2556466,Peyton Barber,TB,RB,25.0,3.0,7.0,77.26711602978641,140.921797568389,21.8683093921388,5.277142358569731,9,63.6546815386026,110.2,43.1,6.1,3.40478031716039,29.0,16.0,122.76424851811399,13.0172541541726,-0.0627756486956912,7.433675488168429,121,39,7.6727655323821295,0.7420863076525909,-0.0703438489006309,0.240399801962971,124.3225,1.6133,-3.3225000000000096,2,61.3821242590571,2.84340042370951,1.5232592335953703
119,2560888,Courtland Sutton,DEN,WR,24.0,1.0,10.0,109.038,172.70614831747798,23.925699241369,3.84660568212414,8,63.6681483174784,106.3,42.6,6.2,3.13017646781309,65.0,16.0,140.062608985307,12.7636206997828,8.951272324825421,23.8997299329485,122,44,8.753913061581661,0.7392816643675479,0.423475020697311,1.3487104556088603,119.2875,1.77,2.7125000000000097,2,70.03130449265329,2.787998457739007,1.5097659764643103
120,2558066,Curtis Samuel,CAR,WR,23.0,2.0,7.0,120.288,144.38446218023302,18.033652254743302,3.94255912426885,8,24.096462180232603,84.5,33.7,5.7,3.02271021977888,67.0,16.0,137.552178871581,10.2531905860575,20.2012723248254,-4.42195620429732,123,45,8.59701117947383,0.582379782259713,1.1266000206973101,-0.421394927969008,100.995,2.86,22.005,3,45.850726290527106,2.2396371854985366,1.382349199920546
121,2562734,Devin Singletary,BUF,RB,49.0,0.0,6.0,22.59,186.113089269057,65.9509951117197,2.91835579752428,9,163.523089269057,84.2,35.0,6.3,3.46949662045115,28.0,13.5471,117.78598761584,8.03899325189801,-54.7398916784821,52.62496718883679,124,40,8.69455363995538,1.7638744152258403,-3.2320230439272404,5.17101107885154,119.8,2.8967,4.2,3,39.2619958719465,1.7559829859600369,1.2787354963504383
122,1581,DeSean Jackson,PHI,WR,33.0,11.0,10.0,107.86311340388,146.952195465608,16.8238077624765,4.04000687544126,9,39.0890820617284,116.6,46.5,5.7,3.02271021977888,67.0,16.0,134.879827734784,7.5808394492599405,7.776385728705491,-1.85422291892141,125,46,8.42998923342398,0.41535783620986605,0.350044608439815,-0.260911597633013,129.59,1.47,-4.59,2,67.4399138673919,1.6559069867426726,1.2582654265401028
123,2558918,Matt Breida,SF,RB,24.0,2.0,4.0,95.002061352938,145.417343063939,20.0466265083599,5.32511548620147,9,50.415281711000794,94.9,38.5,8.5,4.18137595664957,18.0,16.0,117.18822470324899,7.44123033930771,17.672169674455898,11.9292209837181,126,41,7.324264043953081,0.39358481922353605,1.03809023379634,0.521371395434826,107.105,3.4733,18.895,4,29.2970561758123,1.6254117227115377,1.2520918138381167
124,2555415,Austin Hooper,ATL,TE,,3.0,9.0,109.263660233918,131.961577030812,10.119773554060401,3.29360512242444,4,22.697916796894198,126.1,11.8,2.5,3.5129600370283596,31.0,16.0,118.721562516635,7.275233506485581,13.8499516569201,2.1217094795549096,127,11,7.420097657289681,0.418281889400075,0.865621978557504,-0.17677396088390498,123.5625,2.0233,3.4375,2,59.3607812583175,1.5891525040475476,1.244789925175061
125,2540160,Jordan Reed,WAS,TE,29.0,6.0,10.0,100.954785630744,138.164604771554,16.0678030057864,5.8452871890396105,4,37.2098191408105,185.9,18.9,4.1,4.59035979625168,20.0,16.0,118.127193919159,6.68086490901,5.54107705374547,8.32473722029661,128,12,7.38294961994746,0.38113385205785105,0.346317315859092,0.210915272912452,142.3125,1.2467,-14.3125,2,59.063596959579705,1.4593226718966583,1.2189853228258685
126,2533040,Mohamed Sanu,ATL,WR,30.0,7.0,9.0,107.66747142857099,151.487340425532,17.595443236798197,3.76113375676377,9,43.819868996960494,172.1,65.3,9.7,3.8824402040525605,47.0,16.0,132.339411759841,5.04042347431732,7.5807437533968605,2.6809220410020496,129,47,8.27121323499007,0.256581837775952,0.33781698498302604,0.0225349623622026,160.815,1.3567,-31.815,2,66.1697058799206,1.1009958070116665,1.1504558721993792
127,2560862,Jaylen Samuels,PIT,RB,23.0,1.0,7.0,78.7802613952577,142.353258928311,24.232657120724202,1.4900474434517699,9,63.572997533053204,143.6,52.2,6.6,3.5665710753872997,23.0,16.0,112.547038933381,2.8000445694397302,1.4503697167756,8.86513684809023,130,42,7.0341899333363305,0.10351070860678699,0.0242277364413246,0.32986613695808303,127.755,2.03,2.245,2,56.273519466690594,0.6116226833136224,1.0629376666636587
128,2553913,Tyrell Williams,OAK,WR,,,6.0,96.6448377447192,148.881177484848,27.4569460401338,1.6591914051268999,9,52.236339740129296,135.9,53.1,9.4,3.8179604552320296,48.0,16.0,129.340229958844,2.04124167332003,-3.4418899304553903,0.0747591003186017,131,48,8.08376437242774,0.0691329752136216,-0.35109762025774,-0.140350221430513,134.6775,1.5433,-3.6775000000000095,2,64.6701149794219,0.44587494183258497,1.0348054075486885
129,2560742,Nyheim Hines,IND,RB,23.0,1.0,6.0,74.3259210464433,135.44225822555902,31.158984410286998,0.43246785756238604,9,61.1163371791152,193.1,62.1,5.7,3.27534771057886,33.0,16.0,111.179179500714,1.43218513677273,-3.00397063203883,1.95413614533788,132,43,6.948698718794639,0.0180194940650997,-0.25416853535957695,-0.10207140696393902,129.3767,1.6367,2.6233,2,55.589589750357106,0.3128367762124934,1.012755647102334
130,2543466,Eric Ebron,IND,TE,26.0,5.0,6.0,83.67299999999999,126.804630606761,21.037182709036,1.04950287454184,4,43.131630606761505,158.2,19.0,2.5,4.98693491901285,16.0,16.0,112.728720869262,1.28239185911228,-11.7407085769981,-3.0352369444959404,133,13,7.04554505432885,0.0437292864392438,-0.7337942860623791,-0.49908311238708203,93.09,2.81,39.91,3,37.5762402897539,0.2801169518836404,1.0074038515226593
131,2556885,Jalen Richard,OAK,RB,26.0,3.0,6.0,85.649224750147,126.822299434156,15.479499415462302,1.7817136728048102,9,41.1730746840094,202.5,67.0,9.5,4.5049574731034,10.0,16.0,110.93480347914499,1.18780911520321,8.31933307166489,-6.66582264606424,134,44,6.93342521744655,0.0027459927170046,0.453537946121905,-0.640818831426571,162.715,1.305,-28.715,2,55.4674017395724,0.2594569408765992,1.0040389492259643
132,2505996,Eli Manning,NYG,QB,38.0,15.0,11.0,117.373564667842,213.484123111411,29.897621172598,52.125737998211,8,96.11055844356889,241.7,30.7,1.6,2.8253900863535697,24.0,16.0,188.381990043615,1.16717740452216,52.72047717029199,-14.3297371767011,135,30,11.7738743777259,0.0729485877826352,3.2950298231432495,-0.8956085735438221,149.93,1.57,-14.93,2,94.19099502180728,0.254950290380454,1.0033064198840085
133,2560967,Kalen Ballage,MIA,RB,,1.0,5.0,75.7250210464433,141.061717201425,24.5967338489766,2.8291010180904,9,65.3366961549818,103.1,41.2,5.2,3.1135569523519395,34.0,16.0,110.558619807159,0.81162544321748,-1.6048706320388202,7.57359512120448,136,45,6.9099137379474405,-0.0207654867821034,-0.166724785359577,0.24914477902772303,120.7125,2.2167,15.2875,2,55.2793099035795,0.17728593924689243,0.9907648296000184
134,2560735,Michael Gallup,DAL,WR,23.0,1.0,8.0,115.627806722689,134.122503692386,15.013379049196502,0.776006642680585,9,18.494696969697,119.8,47.4,7.6,3.43108196230888,56.0,16.0,127.816326047311,0.517337761787047,15.5410790475145,-14.6839146921438,137,49,7.988520377956929,-0.0261110192571898,0.8353379408653779,-1.06276733345942,125.29,1.97,11.71,2,63.9081630236554,0.11300374054651917,0.9805010270831428
135,2495438,Kyle Rudolph,MIN,TE,30.0,8.0,12.0,91.1116097105509,128.50709724698,14.3648836882562,0.583145371242736,5,37.3954875364287,178.9,18.2,3.0,4.17183208281366,24.0,16.0,111.835092590978,0.38876358082849505,-4.30209886644717,-1.33277030427783,138,14,6.98969328693611,-0.0121224809534928,-0.268881179152948,-0.392678947373451,131.7033,1.4967,6.296699999999991,2,55.917546295488904,0.08491887131943543,0.9760496861587304
136,2560907,Marquez Valdes-Scantling,GB,WR,25.0,1.0,11.0,91.40299999999999,144.53950614288001,18.8700425205751,1.4328212269234397,9,53.1365061428798,116.2,46.3,7.2,3.34510896388151,59.0,16.0,127.54575106012301,0.24676277459919002,-8.68372767517457,-4.26691224165009,139,50,7.97160944125769,-0.0430219559564309,-0.678712479302688,-0.411704680303556,115.4175,2.34,23.5825,3,42.5152503533743,0.05390118142743362,0.9711566151236413
137,2550284,Trey Burton,CHI,TE,28.0,5.0,6.0,99.405,129.05092837598,13.0027150858657,0.8887152938012121,5,29.6459283759803,142.4,14.0,2.9,3.9707770272686,28.0,16.0,111.523343398462,0.0770143883123637,3.9912914230019396,-0.788939175277079,140,15,6.97020896240386,-0.031606805485751004,0.249455713937621,-0.358689501810904,136.2025,1.3533,3.7975000000000096,2,55.7616716992309,0.016822498951432868,0.9653390897632269
